field_id,related_table_name,related_field_name,field_name_alias,type,max_char_length,is_required,description,is_linked_to_list,linked_table_name,linked_field_name
1,sla-file-records,language_code,Language Code,Single choice,,TRUE,"This will link directly to the ""code_id"" options in the ""language-codes"" table so that it only displays the option in A-Z alphabetical order for a user to select",TRUE,language-codes,code_id
2,sla-file-records,template_type,Template Type,Single choice,,TRUE,,,,
3,sla-file-records,line_of_business,Line of Business,Single choice,,FALSE,,,,
4,sla-file-records,state,State,Single choice,,TRUE,,,,
5,sla-file-records,comment,Comment,Single choice,,FALSE,,,,
6,sla-file-records,project_number,Project Number,Fixed-length text,255,FALSE,,,,
7,sla-file-records,file_name,File Name,Fixed-length text,512,TRUE,,,,
8,sla-file-records,received_at_est,Received at EST,Timestamp,,FALSE,,,,
9,sla-file-records,delivered_at_est,Delivered at EST,Timestamp,,FALSE,,,,
10,sla-file-records,sla_met,SLA Met?,Single choice,,FALSE,,,,
11,sla-file-records,is_urgent,Is Urgent?,Boolean,,FALSE,,,,
12,sla-file-records,qa_delivery_by,QA Delivery By,Single choice,,FALSE,"This will link directly to the ""Abbreviation"" options in the ""sla-users"" table so that it only displays the ""Analyst"" and ""Manager"" user Abbreviations",TRUE,sla-users,abbreviation
13,sla-file-records,status_hours,Status Hours,Decimal,,FALSE,,,,
14,sla-file-records,status_label,Status Label,Fixed-length text,255,FALSE,,,,
15,sla-file-records,internal,Internal,Fixed-length text,255,FALSE,,,,
16,sla-file-records,dtp_1,DTP_1,Decimal,,FALSE,,,,
17,sla-file-records,new,New,Whole number,,FALSE,,,,
18,sla-file-records,fuzzy,Fuzzy,Whole number,,FALSE,,,,
19,sla-file-records,total,Total,Whole number,,FALSE,,,,
20,sla-file-records,dtp_2,DTP_2,Decimal,,FALSE,,,,
21,sla-file-records,pm,PM,Decimal,,FALSE,,,,
22,sla-file-records,it_eng,IT Eng,Decimal,,FALSE,,,,
23,sla-file-records,qa,QA,Decimal,,FALSE,,,,
24,sla-file-records,record_id,Record ID,Fixed-length text,255,FALSE,,,,
25,sla-file-records,assigned_analyst_id,Assigned Analyst ID,Fixed-length text,255,FALSE,,,,
26,sla-file-records,received_at_utc,Received at UTC,TimestampZ,,FALSE,,,,
27,sla-file-records,delivered_at_utc,Delivered at UTC,TimestampZ,,FALSE,,,,
28,sla-file-records,egnyte_direct_link,Egnyte Direct Link,URL,,FALSE,,,,
29,sla-file-records,egnyte_file_path,Egnyte File Path,Fixed-length text,255,FALSE,,,,
30,sla-file-records,egnyte_file_size_kb,Egnyte File Size KB,Whole number,,FALSE,,,,
31,sla-file-records,created_by,Created By,Fixed-length text,255,FALSE,,,,
32,sla-file-records,updated_by,Updated By,Fixed-length text,255,FALSE,,,,
33,sla-file-records,created_at,Created At,TimestampZ,,FALSE,,,,
34,sla-file-records,updated_at,Updated At,TimestampZ,,FALSE,,,,
35,sla-users,user_id,User ID,Fixed-length text,255,TRUE,The UUID for a user when their account is created,,,
36,sla-users,email,Email,Fixed-length text,255,TRUE,The user's registered email,,,
37,sla-users,first_name,First Name,Fixed-length text,100,FALSE,The user's first name,,,
38,sla-users,last_name,Last Name,Fixed-length text,100,FALSE,The user's last name,,,
39,sla-users,abbreviation,Abbreviation,Fixed-length text,5,TRUE,The user's abbreviation,,,
40,sla-users,role_access,Role Access,Single choice,50,TRUE,"The user's access level. Option can either be ""Analyst"", ""Manager"", ""Administrator"", or ""Viewer""",,,
41,sla-users,last_login,Last Login,TimestampZ,,FALSE,The last time the user logged into their account or loaded their records,,,
42,sla-users,created_at,Created At,TimestampZ,,FALSE,The timestamp in which the user's account was created,,,
43,sla-users,profile_image,Profile Image,URL,,FALSE,The profile picture of the user,,,
44,field-option-values,option_id,Option ID,Fixed-length text,255,TRUE,The is the unique ID for a Single Choice or Multi Choice field,,,
45,field-option-values,field_id,Field ID,Whole number,,TRUE,"This is the related field that links a ""data-dictionary"" record to a ""field-option-values"" record",,,
46,field-option-values,order,Order,Whole number,,TRUE,This is the numeric order of how to display this option label in the field's drop down when editing/creating a record,,,
47,field-option-values,label,Label,Fixed-length text,255,TRUE,The dropdown option label for a Single Choice or Multi Choice field,,,
48,field-option-values,created_by,Created By,Fixed-length text,255,FALSE,The User ID of who created the record,,,
49,field-option-values,modified_by,Modified By,Fixed-length text,255,FALSE,The User ID of who modified the record,,,
50,field-option-values,created_at,Created At,TimestampZ,,FALSE,The UTC Z timestamp of when the record was created,,,
51,field-option-values,modified_at,Modified At,TimestampZ,,FALSE,The UTC Z timestamp of when the record was modified,,,
52,sla-audit-log,id,Audit ID,Fixed-length text,255,TRUE,The UUID for audit record,,,
53,sla-audit-log,timestamp,Timestamp,TimestampZ,,TRUE,The UTC Z timestamp of when the record was created,,,
54,sla-audit-log,artifact_id,Artifact ID,Fixed-length text,255,TRUE,The ID for the creation of this audit record,,,
55,sla-audit-log,artifact_table,Artifact Table,Fixed-length text,255,TRUE,The name of the table in which the artifact belongs to,,,
56,sla-audit-log,artifact_name,Artifact Name,Fixed-length text,255,TRUE,The name of the field in which the artifact belongs to,,,
57,sla-audit-log,old_field_value,Old Value,Fixed-length text,255,TRUE,Always string/text format of the previous value regardless of its type,,,
58,sla-audit-log,new_field_value,New Value,Fixed-length text,255,TRUE,Always string/text format of the new value regardless of its type,,,
59,sla-audit-log,trigger_source,Trigger Source,Single choice,50,TRUE,"The type of trigger that caused the creation of this record. Option can either be ""User"" or ""Script""",,,
60,sla-audit-log,user_id,User ID,Fixed-length text,255,FALSE,The User ID of who created the record,,,
61,sla-audit-log,event_type,Event Type,Single choice,20,FALSE,"The type of event that created this audit record. Options can either be ""Created"", ""Updated"", or ""Deleted""",,,
62,language-codes,code_id,Language Code,Fixed-length text,5,TRUE,This is the code abbreviation id. It is an ISO 639-1 two-letter language code.,,,
63,language-codes,language,Language,Fixed-length text,50,TRUE,This is the language,,,
64,language-codes,country,Country,Fixed-length text,100,FALSE,This is the country in which the language is spoken (optional),,,
65,saved-views,view_id,View ID,Fixed-length text,255,TRUE,The UUID for a saved view,,,
66,saved-views,name,View Name,Fixed-length text,255,TRUE,The display name of the view,,,
67,saved-views,owner_user_id,Owner User ID,Fixed-length text,255,TRUE,The user who owns this private view,,,
68,saved-views,object_type,Object Type,Fixed-length text,255,TRUE,The object this view lists. Currently always sla-file-records,,,
69,saved-views,order,Order,Whole number,,TRUE,Dropdown position among the owner's views,,,
70,saved-views,fields_json,Fields JSON,Fixed-length text,4000,TRUE,Ordered JSON array of field keys shown as columns,,,
71,saved-views,conditions_json,Conditions JSON,Fixed-length text,4000,FALSE,JSON object describing the saved filter expression,,,
72,saved-views,sorts_json,Sorts JSON,Fixed-length text,4000,FALSE,JSON array of default sort field and direction,,,
73,saved-views,created_by,Created By,Fixed-length text,255,FALSE,The User ID of who created the view,,,
74,saved-views,created_at,Created At,TimestampZ,,FALSE,The UTC Z timestamp of when the view was created,,,
75,saved-views,updated_by,Updated By,Fixed-length text,255,FALSE,The User ID of who last modified the view,,,
76,saved-views,updated_at,Updated At,TimestampZ,,FALSE,The UTC Z timestamp of when the view was last modified,,,