option_id,field_id,order,label,created_by,modified_by,created_at,modified_at
1,2,1,PDF,3,3,2026-08-13T13:11:00Z,2026-08-13T13:11:00Z
2,2,2,Word,3,3,2026-08-13T13:11:00Z,2026-08-13T13:11:00Z
3,3,1,NY Molina SWH – WORD,3,3,2026-08-13T13:11:00Z,2026-08-13T13:11:00Z
4,3,2,NY Molina SWH – PDF,3,3,2026-08-13T13:11:00Z,2026-08-13T13:11:00Z
5,4,1,AL,3,3,2026-08-13T13:11:00Z,2026-08-13T13:11:00Z
6,4,2,AK,3,3,2026-08-13T13:11:00Z,2026-08-13T13:11:00Z
7,4,3,AZ,3,3,2026-08-13T13:11:00Z,2026-08-13T13:11:00Z
8,4,4,AR,3,3,2026-08-13T13:11:00Z,2026-08-13T13:11:00Z
9,4,5,CA,3,3,2026-08-13T13:11:00Z,2026-08-13T13:11:00Z
10,4,6,CO,3,3,2026-08-13T13:11:00Z,2026-08-13T13:11:00Z
11,4,7,CT,3,3,2026-08-13T13:11:00Z,2026-08-13T13:11:00Z
12,4,8,DE,3,3,2026-08-13T13:11:00Z,2026-08-13T13:11:00Z
13,4,9,FL,3,3,2026-08-13T13:11:00Z,2026-08-13T13:11:00Z
14,4,10,GA,3,3,2026-08-13T13:11:00Z,2026-08-13T13:11:00Z
15,4,11,HI,3,3,2026-08-13T13:11:00Z,2026-08-13T13:11:00Z
16,4,12,ID,3,3,2026-08-13T13:11:00Z,2026-08-13T13:11:00Z
17,4,13,IL,3,3,2026-08-13T13:11:00Z,2026-08-13T13:11:00Z
18,4,14,IN,3,3,2026-08-13T13:11:00Z,2026-08-13T13:11:00Z
19,4,15,IA,3,3,2026-08-13T13:11:00Z,2026-08-13T13:11:00Z
20,4,16,KS,3,3,2026-08-13T13:11:00Z,2026-08-13T13:11:00Z
21,4,17,KY,3,3,2026-08-13T13:11:00Z,2026-08-13T13:11:00Z
22,4,18,LA,3,3,2026-08-13T13:11:00Z,2026-08-13T13:11:00Z
23,4,19,ME,3,3,2026-08-13T13:11:00Z,2026-08-13T13:11:00Z
24,4,20,MD,3,3,2026-08-13T13:11:00Z,2026-08-13T13:11:00Z
25,4,21,MA,3,3,2026-08-13T13:11:00Z,2026-08-13T13:11:00Z
26,4,22,MI,3,3,2026-08-13T13:11:00Z,2026-08-13T13:11:00Z
27,4,23,MN,3,3,2026-08-13T13:11:00Z,2026-08-13T13:11:00Z
28,4,24,MS,3,3,2026-08-13T13:11:00Z,2026-08-13T13:11:00Z
29,4,25,MO,3,3,2026-08-13T13:11:00Z,2026-08-13T13:11:00Z
30,4,26,MT,3,3,2026-08-13T13:11:00Z,2026-08-13T13:11:00Z
31,4,27,NE,3,3,2026-08-13T13:11:00Z,2026-08-13T13:11:00Z
32,4,28,NV,3,3,2026-08-13T13:11:00Z,2026-08-13T13:11:00Z
33,4,29,NH,3,3,2026-08-13T13:11:00Z,2026-08-13T13:11:00Z
34,4,30,NJ,3,3,2026-08-13T13:11:00Z,2026-08-13T13:11:00Z
35,4,31,NM,3,3,2026-08-13T13:11:00Z,2026-08-13T13:11:00Z
36,4,32,NY,3,3,2026-08-13T13:11:00Z,2026-08-13T13:11:00Z
37,4,33,NC,3,3,2026-08-13T13:11:00Z,2026-08-13T13:11:00Z
38,4,34,ND,3,3,2026-08-13T13:11:00Z,2026-08-13T13:11:00Z
39,4,35,OH,3,3,2026-08-13T13:11:00Z,2026-08-13T13:11:00Z
40,4,36,OK,3,3,2026-08-13T13:11:00Z,2026-08-13T13:11:00Z
41,4,37,OR,3,3,2026-08-13T13:11:00Z,2026-08-13T13:11:00Z
42,4,38,PA,3,3,2026-08-13T13:11:00Z,2026-08-13T13:11:00Z
43,4,39,RI,3,3,2026-08-13T13:11:00Z,2026-08-13T13:11:00Z
44,4,40,SC,3,3,2026-08-13T13:11:00Z,2026-08-13T13:11:00Z
45,4,41,SD,3,3,2026-08-13T13:11:00Z,2026-08-13T13:11:00Z
46,4,42,TN,3,3,2026-08-13T13:11:00Z,2026-08-13T13:11:00Z
47,4,43,TX,3,3,2026-08-13T13:11:00Z,2026-08-13T13:11:00Z
48,4,44,UT,3,3,2026-08-13T13:11:00Z,2026-08-13T13:11:00Z
49,4,45,VT,3,3,2026-08-13T13:11:00Z,2026-08-13T13:11:00Z
50,4,46,VA,3,3,2026-08-13T13:11:00Z,2026-08-13T13:11:00Z
51,4,47,WA,3,3,2026-08-13T13:11:00Z,2026-08-13T13:11:00Z
52,4,48,WV,3,3,2026-08-13T13:11:00Z,2026-08-13T13:11:00Z
53,4,49,WI,3,3,2026-08-13T13:11:00Z,2026-08-13T13:11:00Z
54,4,50,WY,3,3,2026-08-13T13:11:00Z,2026-08-13T13:11:00Z
55,4,51,UM Non-Threshold Medicare,3,3,2026-08-13T13:11:00Z,2026-08-13T13:11:00Z
56,5,1,Complex Data Processing,3,3,2026-08-13T13:11:00Z,2026-08-13T13:11:00Z
57,5,2,Data Verification,3,3,2026-08-13T13:11:00Z,2026-08-13T13:11:00Z
58,5,3,Network Congestion,3,3,2026-08-13T13:11:00Z,2026-08-13T13:11:00Z
59,5,4,Error Handling,3,3,2026-08-13T13:11:00Z,2026-08-13T13:11:00Z
60,5,5,Internal Unexpected Delay,3,3,2026-08-13T13:11:00Z,2026-08-13T13:11:00Z
61,5,6,Molina delay to notify language needed,3,3,2026-08-13T13:11:00Z,2026-08-13T13:11:00Z
62,40,1,Analyst,3,3,2026-08-13T13:11:00Z,2026-08-13T13:11:00Z
63,40,2,Manager,3,3,2026-08-13T13:11:00Z,2026-08-13T13:11:00Z
64,40,3,Administrator,3,3,2026-08-13T13:11:00Z,2026-08-13T13:11:00Z
65,40,4,Viewer,3,3,2026-08-13T13:11:00Z,2026-08-13T13:11:00Z
66,59,1,User,3,3,2026-08-13T13:11:00Z,2026-08-13T13:11:00Z
67,59,2,Script,3,3,2026-08-13T13:11:00Z,2026-08-13T13:11:00Z
68,61,1,Created,3,3,2026-08-13T13:11:00Z,2026-08-13T13:11:00Z
69,61,2,Updated,3,3,2026-08-13T13:11:00Z,2026-08-13T13:11:00Z
70,61,3,Deleted,3,3,2026-08-13T13:11:00Z,2026-08-13T13:11:00Z
71,,,,,,,
72,,,,,,,
73,,,,,,,
74,,,,,,,
75,,,,,,,
76,,,,,,,
77,,,,,,,
78,,,,,,,